{
  "Identifier": "Proteomics_MS",
  "MeasurementType": {
    "annotationValue": "Proteomics_MS",
    "termSource": "MS",
    "termAccession": "https://www.ebi.ac.uk/ols4/ontologies/ms/classes/http%253A%252F%252Fpurl.obolibrary.org%252Fobo%252FMS_1003348"
  },
  "TechnologyType": {
    "annotationValue": "Mass Spectrometry",
    "termSource": "NCIT",
    "termAccession": "https://bioregistry.io/NCIT:C17156"
  },
  "TechnologyPlatform": {
    "annotationValue": "timsTOF Pro 2",
    "termSource": "MS",
    "termAccession": "MS:1003230"
  },
  "Tables": [
    {
      "name": "ProtDigest",
      "header": [
        {
          "headertype": "Input",
          "values": [
            "Sample Name"
          ]
        },
        {
          "headertype": "Parameter",
          "values": [
            {
              "annotationValue": "sample mass",
              "termSource": "MS",
              "termAccession": "MS:1000004"
            }
          ]
        },
        {
          "headertype": "Parameter",
          "values": [
            {
              "annotationValue": "Protein Precipitation",
              "termSource": "NCIT",
              "termAccession": "NCIT:C113065"
            }
          ]
        },
        {
          "headertype": "Parameter",
          "values": [
            {
              "annotationValue": "alkylating agent",
              "termSource": "CHEBI",
              "termAccession": "CHEBI:22333"
            }
          ]
        },
        {
          "headertype": "Parameter",
          "values": [
            {
              "annotationValue": "reducing agent",
              "termSource": "CHEBI",
              "termAccession": "CHEBI:63247"
            }
          ]
        },
        {
          "headertype": "Parameter",
          "values": [
            {
              "annotationValue": "cleavage agent name",
              "termSource": "MS",
              "termAccession": "MS:1001045"
            }
          ]
        },
        {
          "headertype": "Parameter",
          "values": [
            {
              "annotationValue": "Tryptic Digestion",
              "termSource": "NCIT",
              "termAccession": "NCIT:C68835"
            }
          ]
        },
        {
          "headertype": "Parameter",
          "values": [
            {
              "annotationValue": "sample preparation",
              "termSource": "MS",
              "termAccession": "MS:1000831"
            }
          ]
        },
        {
          "headertype": "Parameter",
          "values": [
            {
              "annotationValue": "sample state",
              "termSource": "MS",
              "termAccession": "MS:1000003"
            }
          ]
        },
        {
          "headertype": "Output",
          "values": [
            "Sample Name"
          ]
        }
      ],
      "values": [
        [
          [
            0,
            0
          ],
          {
            "celltype": "FreeText",
            "values": [
              ""
            ]
          }
        ],
        [
          [
            1,
            0
          ],
          {
            "celltype": "Unitized",
            "values": [
              "10",
              {
                "annotationValue": "microgram",
                "termSource": "UO",
                "termAccession": "https://bioregistry.io/UO:0000023"
              }
            ]
          }
        ],
        [
          [
            2,
            0
          ],
          {
            "celltype": "Term",
            "values": [
              {
                "annotationValue": "acetone",
                "termSource": "CHEBI",
                "termAccession": "https://bioregistry.io/CHEBI:15347"
              }
            ]
          }
        ],
        [
          [
            3,
            0
          ],
          {
            "celltype": "Term",
            "values": [
              {
                "annotationValue": "Chloroacetamide",
                "termSource": "NCIT",
                "termAccession": "https://bioregistry.io/NCIT:C161899"
              }
            ]
          }
        ],
        [
          [
            4,
            0
          ],
          {
            "celltype": "Term",
            "values": [
              {
                "annotationValue": "TCEP",
                "termSource": "CHEBI",
                "termAccession": "https://bioregistry.io/CHEBI:63213"
              }
            ]
          }
        ],
        [
          [
            5,
            0
          ],
          {
            "celltype": "Term",
            "values": [
              {
                "annotationValue": "Trypsin",
                "termSource": "MS",
                "termAccession": "https://www.ebi.ac.uk/ols4/ontologies/ms/classes/http%253A%252F%252Fpurl.obolibrary.org%252Fobo%252FMS_1001251"
              }
            ]
          }
        ],
        [
          [
            6,
            0
          ],
          {
            "celltype": "Term",
            "values": [
              {
                "annotationValue": "in-solution digestion",
                "termSource": "MS",
                "termAccession": "https://www.ebi.ac.uk/ols4/ontologies/ms/classes/http%253A%252F%252Fpurl.obolibrary.org%252Fobo%252FMS_1002986"
              }
            ]
          }
        ],
        [
          [
            7,
            0
          ],
          {
            "celltype": "Term",
            "values": [
              {
                "annotationValue": "reversed-phase solid-phase extraction",
                "termSource": "CHMO",
                "termAccession": "http://purl.obolibrary.org/obo/CHMO_0001585"
              }
            ]
          }
        ],
        [
          [
            8,
            0
          ],
          {
            "celltype": "Term",
            "values": [
              {
                "annotationValue": "dry",
                "termSource": "PATO",
                "termAccession": "https://bioregistry.io/PATO:0001824"
              }
            ]
          }
        ],
        [
          [
            9,
            0
          ],
          {
            "celltype": "FreeText",
            "values": [
              ""
            ]
          }
        ]
      ]
    },
    {
      "name": "PeptideMS_Bruker",
      "header": [
        {
          "headertype": "Input",
          "values": [
            "Sample Name"
          ]
        },
        {
          "headertype": "Parameter",
          "values": [
            {
              "annotationValue": "technical replicate",
              "termSource": "MS",
              "termAccession": "MS:1001808"
            }
          ]
        },
        {
          "headertype": "Component",
          "values": [
            {
              "annotationValue": "chromatography instrument model",
              "termSource": "DPBO",
              "termAccession": "DPBO:0000046"
            }
          ]
        },
        {
          "headertype": "Component",
          "values": [
            {
              "annotationValue": "chromatography column model",
              "termSource": "DPBO",
              "termAccession": "DPBO:0000048"
            }
          ]
        },
        {
          "headertype": "Component",
          "values": [
            {
              "annotationValue": "instrument model",
              "termSource": "MS",
              "termAccession": "MS:1000031"
            }
          ]
        },
        {
          "headertype": "Component",
          "values": [
            {
              "annotationValue": "acquisition software",
              "termSource": "MS",
              "termAccession": "MS:1001455"
            }
          ]
        },
        {
          "headertype": "Parameter",
          "values": [
            {
              "annotationValue": "MS sample resuspension",
              "termSource": "DPBO",
              "termAccession": "DPBO:0000044"
            }
          ]
        },
        {
          "headertype": "Parameter",
          "values": [
            {
              "annotationValue": "chromatography injection volume",
              "termSource": "DPBO",
              "termAccession": "DPBO:0010014"
            }
          ]
        },
        {
          "headertype": "Parameter",
          "values": [
            {
              "annotationValue": "chromatography gradient",
              "termSource": "DPBO",
              "termAccession": "DPBO:0000081"
            }
          ]
        },
        {
          "headertype": "Parameter",
          "values": [
            {
              "annotationValue": "mass spectrometry acquisition method aspect",
              "termSource": "MS",
              "termAccession": "MS:1003214"
            }
          ]
        },
        {
          "headertype": "Output",
          "values": [
            "Data"
          ]
        }
      ],
      "values": [
        [
          [
            0,
            0
          ],
          {
            "celltype": "FreeText",
            "values": [
              ""
            ]
          }
        ],
        [
          [
            0,
            1
          ],
          {
            "celltype": "FreeText",
            "values": [
              ""
            ]
          }
        ],
        [
          [
            0,
            2
          ],
          {
            "celltype": "FreeText",
            "values": [
              ""
            ]
          }
        ],
        [
          [
            0,
            3
          ],
          {
            "celltype": "FreeText",
            "values": [
              ""
            ]
          }
        ],
        [
          [
            0,
            4
          ],
          {
            "celltype": "FreeText",
            "values": [
              ""
            ]
          }
        ],
        [
          [
            0,
            5
          ],
          {
            "celltype": "FreeText",
            "values": [
              ""
            ]
          }
        ],
        [
          [
            1,
            0
          ],
          {
            "celltype": "Term",
            "values": [
              {
                "annotationValue": "1",
                "termSource": "",
                "termAccession": ""
              }
            ]
          }
        ],
        [
          [
            1,
            1
          ],
          {
            "celltype": "Term",
            "values": [
              {
                "annotationValue": "2",
                "termSource": "",
                "termAccession": ""
              }
            ]
          }
        ],
        [
          [
            1,
            2
          ],
          {
            "celltype": "Term",
            "values": [
              {
                "annotationValue": "3",
                "termSource": "",
                "termAccession": ""
              }
            ]
          }
        ],
        [
          [
            1,
            3
          ],
          {
            "celltype": "Term",
            "values": [
              {
                "annotationValue": "1",
                "termSource": "",
                "termAccession": ""
              }
            ]
          }
        ],
        [
          [
            1,
            4
          ],
          {
            "celltype": "Term",
            "values": [
              {
                "annotationValue": "2",
                "termSource": "",
                "termAccession": ""
              }
            ]
          }
        ],
        [
          [
            1,
            5
          ],
          {
            "celltype": "Term",
            "values": [
              {
                "annotationValue": "3",
                "termSource": "",
                "termAccession": ""
              }
            ]
          }
        ],
        [
          [
            2,
            0
          ],
          {
            "celltype": "Term",
            "values": [
              {
                "annotationValue": "nanoElute2",
                "termSource": "",
                "termAccession": ""
              }
            ]
          }
        ],
        [
          [
            2,
            1
          ],
          {
            "celltype": "Term",
            "values": [
              {
                "annotationValue": "nanoElute2",
                "termSource": "",
                "termAccession": ""
              }
            ]
          }
        ],
        [
          [
            2,
            2
          ],
          {
            "celltype": "Term",
            "values": [
              {
                "annotationValue": "nanoElute2",
                "termSource": "",
                "termAccession": ""
              }
            ]
          }
        ],
        [
          [
            2,
            3
          ],
          {
            "celltype": "Term",
            "values": [
              {
                "annotationValue": "nanoElute2",
                "termSource": "",
                "termAccession": ""
              }
            ]
          }
        ],
        [
          [
            2,
            4
          ],
          {
            "celltype": "Term",
            "values": [
              {
                "annotationValue": "nanoElute2",
                "termSource": "",
                "termAccession": ""
              }
            ]
          }
        ],
        [
          [
            2,
            5
          ],
          {
            "celltype": "Term",
            "values": [
              {
                "annotationValue": "nanoElute2",
                "termSource": "",
                "termAccession": ""
              }
            ]
          }
        ],
        [
          [
            3,
            0
          ],
          {
            "celltype": "Term",
            "values": [
              {
                "annotationValue": "PepSep C18 1.9u, 25cm x 75um",
                "termSource": "",
                "termAccession": ""
              }
            ]
          }
        ],
        [
          [
            3,
            1
          ],
          {
            "celltype": "Term",
            "values": [
              {
                "annotationValue": "PepSep C18 1.9u, 25cm x 75um",
                "termSource": "",
                "termAccession": ""
              }
            ]
          }
        ],
        [
          [
            3,
            2
          ],
          {
            "celltype": "Term",
            "values": [
              {
                "annotationValue": "PepSep C18 1.9u, 25cm x 75um",
                "termSource": "",
                "termAccession": ""
              }
            ]
          }
        ],
        [
          [
            3,
            3
          ],
          {
            "celltype": "Term",
            "values": [
              {
                "annotationValue": "PepSep C18 1.9u, 25cm x 75um",
                "termSource": "",
                "termAccession": ""
              }
            ]
          }
        ],
        [
          [
            3,
            4
          ],
          {
            "celltype": "Term",
            "values": [
              {
                "annotationValue": "PepSep C18 1.9u, 25cm x 75um",
                "termSource": "",
                "termAccession": ""
              }
            ]
          }
        ],
        [
          [
            3,
            5
          ],
          {
            "celltype": "Term",
            "values": [
              {
                "annotationValue": "PepSep C18 1.9u, 25cm x 75um",
                "termSource": "",
                "termAccession": ""
              }
            ]
          }
        ],
        [
          [
            4,
            0
          ],
          {
            "celltype": "Term",
            "values": [
              {
                "annotationValue": "timsTOF Pro 2",
                "termSource": "MS",
                "termAccession": "https://www.ebi.ac.uk/ols4/ontologies/ms/classes/http%253A%252F%252Fpurl.obolibrary.org%252Fobo%252FMS_1003230"
              }
            ]
          }
        ],
        [
          [
            4,
            1
          ],
          {
            "celltype": "Term",
            "values": [
              {
                "annotationValue": "timsTOF Pro 2",
                "termSource": "MS",
                "termAccession": "https://www.ebi.ac.uk/ols4/ontologies/ms/classes/http%253A%252F%252Fpurl.obolibrary.org%252Fobo%252FMS_1003230"
              }
            ]
          }
        ],
        [
          [
            4,
            2
          ],
          {
            "celltype": "Term",
            "values": [
              {
                "annotationValue": "timsTOF Pro 2",
                "termSource": "MS",
                "termAccession": "https://www.ebi.ac.uk/ols4/ontologies/ms/classes/http%253A%252F%252Fpurl.obolibrary.org%252Fobo%252FMS_1003230"
              }
            ]
          }
        ],
        [
          [
            4,
            3
          ],
          {
            "celltype": "Term",
            "values": [
              {
                "annotationValue": "timsTOF Pro 2",
                "termSource": "MS",
                "termAccession": "https://www.ebi.ac.uk/ols4/ontologies/ms/classes/http%253A%252F%252Fpurl.obolibrary.org%252Fobo%252FMS_1003230"
              }
            ]
          }
        ],
        [
          [
            4,
            4
          ],
          {
            "celltype": "Term",
            "values": [
              {
                "annotationValue": "timsTOF Pro 2",
                "termSource": "MS",
                "termAccession": "https://www.ebi.ac.uk/ols4/ontologies/ms/classes/http%253A%252F%252Fpurl.obolibrary.org%252Fobo%252FMS_1003230"
              }
            ]
          }
        ],
        [
          [
            4,
            5
          ],
          {
            "celltype": "Term",
            "values": [
              {
                "annotationValue": "timsTOF Pro 2",
                "termSource": "MS",
                "termAccession": "https://www.ebi.ac.uk/ols4/ontologies/ms/classes/http%253A%252F%252Fpurl.obolibrary.org%252Fobo%252FMS_1003230"
              }
            ]
          }
        ],
        [
          [
            5,
            0
          ],
          {
            "celltype": "Term",
            "values": [
              {
                "annotationValue": "HyStar",
                "termSource": "MS",
                "termAccession": "https://www.ebi.ac.uk/ols4/ontologies/ms/classes/http%253A%252F%252Fpurl.obolibrary.org%252Fobo%252FMS_1000817"
              }
            ]
          }
        ],
        [
          [
            5,
            1
          ],
          {
            "celltype": "Term",
            "values": [
              {
                "annotationValue": "HyStar",
                "termSource": "MS",
                "termAccession": "https://www.ebi.ac.uk/ols4/ontologies/ms/classes/http%253A%252F%252Fpurl.obolibrary.org%252Fobo%252FMS_1000817"
              }
            ]
          }
        ],
        [
          [
            5,
            2
          ],
          {
            "celltype": "Term",
            "values": [
              {
                "annotationValue": "HyStar",
                "termSource": "MS",
                "termAccession": "https://www.ebi.ac.uk/ols4/ontologies/ms/classes/http%253A%252F%252Fpurl.obolibrary.org%252Fobo%252FMS_1000817"
              }
            ]
          }
        ],
        [
          [
            5,
            3
          ],
          {
            "celltype": "Term",
            "values": [
              {
                "annotationValue": "HyStar",
                "termSource": "MS",
                "termAccession": "https://www.ebi.ac.uk/ols4/ontologies/ms/classes/http%253A%252F%252Fpurl.obolibrary.org%252Fobo%252FMS_1000817"
              }
            ]
          }
        ],
        [
          [
            5,
            4
          ],
          {
            "celltype": "Term",
            "values": [
              {
                "annotationValue": "HyStar",
                "termSource": "MS",
                "termAccession": "https://www.ebi.ac.uk/ols4/ontologies/ms/classes/http%253A%252F%252Fpurl.obolibrary.org%252Fobo%252FMS_1000817"
              }
            ]
          }
        ],
        [
          [
            5,
            5
          ],
          {
            "celltype": "Term",
            "values": [
              {
                "annotationValue": "HyStar",
                "termSource": "MS",
                "termAccession": "https://www.ebi.ac.uk/ols4/ontologies/ms/classes/http%253A%252F%252Fpurl.obolibrary.org%252Fobo%252FMS_1000817"
              }
            ]
          }
        ],
        [
          [
            6,
            0
          ],
          {
            "celltype": "Unitized",
            "values": [
              "40",
              {
                "annotationValue": "microliter",
                "termSource": "UO",
                "termAccession": "https://bioregistry.io/UO:0000101"
              }
            ]
          }
        ],
        [
          [
            6,
            1
          ],
          {
            "celltype": "Unitized",
            "values": [
              "40",
              {
                "annotationValue": "microliter",
                "termSource": "UO",
                "termAccession": "https://bioregistry.io/UO:0000101"
              }
            ]
          }
        ],
        [
          [
            6,
            2
          ],
          {
            "celltype": "Unitized",
            "values": [
              "40",
              {
                "annotationValue": "microliter",
                "termSource": "UO",
                "termAccession": "https://bioregistry.io/UO:0000101"
              }
            ]
          }
        ],
        [
          [
            6,
            3
          ],
          {
            "celltype": "Unitized",
            "values": [
              "40",
              {
                "annotationValue": "microliter",
                "termSource": "UO",
                "termAccession": "https://bioregistry.io/UO:0000101"
              }
            ]
          }
        ],
        [
          [
            6,
            4
          ],
          {
            "celltype": "Unitized",
            "values": [
              "40",
              {
                "annotationValue": "microliter",
                "termSource": "UO",
                "termAccession": "https://bioregistry.io/UO:0000101"
              }
            ]
          }
        ],
        [
          [
            6,
            5
          ],
          {
            "celltype": "Unitized",
            "values": [
              "40",
              {
                "annotationValue": "microliter",
                "termSource": "UO",
                "termAccession": "https://bioregistry.io/UO:0000101"
              }
            ]
          }
        ],
        [
          [
            7,
            0
          ],
          {
            "celltype": "Unitized",
            "values": [
              "2",
              {
                "annotationValue": "microliter",
                "termSource": "UO",
                "termAccession": "https://bioregistry.io/UO:0000101"
              }
            ]
          }
        ],
        [
          [
            7,
            1
          ],
          {
            "celltype": "Unitized",
            "values": [
              "2",
              {
                "annotationValue": "microliter",
                "termSource": "UO",
                "termAccession": "https://bioregistry.io/UO:0000101"
              }
            ]
          }
        ],
        [
          [
            7,
            2
          ],
          {
            "celltype": "Unitized",
            "values": [
              "2",
              {
                "annotationValue": "microliter",
                "termSource": "UO",
                "termAccession": "https://bioregistry.io/UO:0000101"
              }
            ]
          }
        ],
        [
          [
            7,
            3
          ],
          {
            "celltype": "Unitized",
            "values": [
              "2",
              {
                "annotationValue": "microliter",
                "termSource": "UO",
                "termAccession": "https://bioregistry.io/UO:0000101"
              }
            ]
          }
        ],
        [
          [
            7,
            4
          ],
          {
            "celltype": "Unitized",
            "values": [
              "2",
              {
                "annotationValue": "microliter",
                "termSource": "UO",
                "termAccession": "https://bioregistry.io/UO:0000101"
              }
            ]
          }
        ],
        [
          [
            7,
            5
          ],
          {
            "celltype": "Unitized",
            "values": [
              "2",
              {
                "annotationValue": "microliter",
                "termSource": "UO",
                "termAccession": "https://bioregistry.io/UO:0000101"
              }
            ]
          }
        ],
        [
          [
            8,
            0
          ],
          {
            "celltype": "Unitized",
            "values": [
              "60",
              {
                "annotationValue": "minute",
                "termSource": "UO",
                "termAccession": "https://bioregistry.io/UO:0000031"
              }
            ]
          }
        ],
        [
          [
            8,
            1
          ],
          {
            "celltype": "Unitized",
            "values": [
              "60",
              {
                "annotationValue": "minute",
                "termSource": "UO",
                "termAccession": "https://bioregistry.io/UO:0000031"
              }
            ]
          }
        ],
        [
          [
            8,
            2
          ],
          {
            "celltype": "Unitized",
            "values": [
              "60",
              {
                "annotationValue": "minute",
                "termSource": "UO",
                "termAccession": "https://bioregistry.io/UO:0000031"
              }
            ]
          }
        ],
        [
          [
            8,
            3
          ],
          {
            "celltype": "Unitized",
            "values": [
              "60",
              {
                "annotationValue": "minute",
                "termSource": "UO",
                "termAccession": "https://bioregistry.io/UO:0000031"
              }
            ]
          }
        ],
        [
          [
            8,
            4
          ],
          {
            "celltype": "Unitized",
            "values": [
              "60",
              {
                "annotationValue": "minute",
                "termSource": "UO",
                "termAccession": "https://bioregistry.io/UO:0000031"
              }
            ]
          }
        ],
        [
          [
            8,
            5
          ],
          {
            "celltype": "Unitized",
            "values": [
              "60",
              {
                "annotationValue": "minute",
                "termSource": "UO",
                "termAccession": "https://bioregistry.io/UO:0000031"
              }
            ]
          }
        ],
        [
          [
            9,
            0
          ],
          {
            "celltype": "Term",
            "values": [
              {
                "annotationValue": "dda-PASEF",
                "termSource": "DPBO",
                "termAccession": "http://purl.org/nfdi4plants/ontology/dpbo/DPBO_0000098"
              }
            ]
          }
        ],
        [
          [
            9,
            1
          ],
          {
            "celltype": "Term",
            "values": [
              {
                "annotationValue": "dda-PASEF",
                "termSource": "DPBO",
                "termAccession": "http://purl.org/nfdi4plants/ontology/dpbo/DPBO_0000098"
              }
            ]
          }
        ],
        [
          [
            9,
            2
          ],
          {
            "celltype": "Term",
            "values": [
              {
                "annotationValue": "dda-PASEF",
                "termSource": "DPBO",
                "termAccession": "http://purl.org/nfdi4plants/ontology/dpbo/DPBO_0000098"
              }
            ]
          }
        ],
        [
          [
            9,
            3
          ],
          {
            "celltype": "Term",
            "values": [
              {
                "annotationValue": "dda-PASEF",
                "termSource": "DPBO",
                "termAccession": "http://purl.org/nfdi4plants/ontology/dpbo/DPBO_0000098"
              }
            ]
          }
        ],
        [
          [
            9,
            4
          ],
          {
            "celltype": "Term",
            "values": [
              {
                "annotationValue": "dda-PASEF",
                "termSource": "DPBO",
                "termAccession": "http://purl.org/nfdi4plants/ontology/dpbo/DPBO_0000098"
              }
            ]
          }
        ],
        [
          [
            9,
            5
          ],
          {
            "celltype": "Term",
            "values": [
              {
                "annotationValue": "dda-PASEF",
                "termSource": "DPBO",
                "termAccession": "http://purl.org/nfdi4plants/ontology/dpbo/DPBO_0000098"
              }
            ]
          }
        ],
        [
          [
            10,
            0
          ],
          {
            "celltype": "Data",
            "values": [
              {
                "name": "#",
                "format": "",
                "selectorFormat": ""
              }
            ]
          }
        ],
        [
          [
            10,
            1
          ],
          {
            "celltype": "Data",
            "values": [
              {
                "name": "#",
                "format": "",
                "selectorFormat": ""
              }
            ]
          }
        ],
        [
          [
            10,
            2
          ],
          {
            "celltype": "Data",
            "values": [
              {
                "name": "#",
                "format": "",
                "selectorFormat": ""
              }
            ]
          }
        ],
        [
          [
            10,
            3
          ],
          {
            "celltype": "Data",
            "values": [
              {
                "name": "#",
                "format": "",
                "selectorFormat": ""
              }
            ]
          }
        ],
        [
          [
            10,
            4
          ],
          {
            "celltype": "Data",
            "values": [
              {
                "name": "#",
                "format": "",
                "selectorFormat": ""
              }
            ]
          }
        ],
        [
          [
            10,
            5
          ],
          {
            "celltype": "Data",
            "values": [
              {
                "name": "#",
                "format": "",
                "selectorFormat": ""
              }
            ]
          }
        ]
      ]
    }
  ]
}