{"Identifier":"Proteomics_DataAnalysis","MeasurementType":{"annotationValue":"Proteomics_DataAnalysis","termSource":"MS","termAccession":"https://www.ebi.ac.uk/ols4/ontologies/ms/classes/http%253A%252F%252Fpurl.obolibrary.org%252Fobo%252FMS_1003348"},"TechnologyType":{"annotationValue":"Mass Spectrometry","termSource":"NCIT","termAccession":"https://bioregistry.io/NCIT:C17156"},"TechnologyPlatform":{"annotationValue":"timsTOF Pro 2","termSource":"MS","termAccession":"MS:1003230"},"DataMap":{"dataContexts":[{"data":{"name":"combined_protein.tsv.csv#col=0","format":"text/csv","selectorFormat":"https://datatracker.ietf.org/doc/html/rfc7111"},"explication":{"annotationValue":"Protein Identifier","termSource":"NCIT","termAccession":"NCIT:C165059"},"unit":{"annotationValue":"","termSource":"","termAccession":""},"objectType":{"annotationValue":"String","termSource":"NCIT","termAccession":"NCIT:C45253"},"description":"Protein","generatedBy":"MSFragger"},{"data":{"name":"combined_protein.tsv.csv#col=1","format":"text/csv","selectorFormat":"https://datatracker.ietf.org/doc/html/rfc7111"},"explication":{"annotationValue":"Protein Identifier","termSource":"NCIT","termAccession":"NCIT:C165059"},"unit":{"annotationValue":"","termSource":"","termAccession":""},"objectType":{"annotationValue":"String","termSource":"NCIT","termAccession":"NCIT:C45253"},"description":"Protein ID","generatedBy":"MSFragger"},{"data":{"name":"combined_protein.tsv.csv#col=2","format":"text/csv","selectorFormat":"https://datatracker.ietf.org/doc/html/rfc7111"},"explication":{"annotationValue":"Protein Identifier","termSource":"NCIT","termAccession":"NCIT:C165059"},"unit":{"annotationValue":"","termSource":"","termAccession":""},"objectType":{"annotationValue":"String","termSource":"NCIT","termAccession":"NCIT:C45253"},"description":"Entry Name","generatedBy":"MSFragger"},{"data":{"name":"combined_protein.tsv.csv#col=3","format":"text/csv","selectorFormat":"https://datatracker.ietf.org/doc/html/rfc7111"},"explication":{"annotationValue":"Gene Identifier","termSource":"NCIT","termAccession":"NCIT:C48664"},"unit":{"annotationValue":"","termSource":"","termAccession":""},"objectType":{"annotationValue":"String","termSource":"NCIT","termAccession":"NCIT:C45253"},"description":"Gene","generatedBy":"MSFragger"},{"data":{"name":"combined_protein.tsv.csv#col=4","format":"text/csv","selectorFormat":"https://datatracker.ietf.org/doc/html/rfc7111"},"explication":{"annotationValue":"Length","termSource":"PEFF","termAccession":"PEFF:0001006"},"unit":{"annotationValue":"","termSource":"","termAccession":""},"objectType":{"annotationValue":"Integer","termSource":"NCIT","termAccession":"NCIT:C45255"},"description":"Protein Length","generatedBy":"MSFragger"},{"data":{"name":"combined_protein.tsv.csv#col=5","format":"text/csv","selectorFormat":"https://datatracker.ietf.org/doc/html/rfc7111"},"explication":{"annotationValue":"Organism","termSource":"MIAPPE","termAccession":"MIAPPE:0041"},"unit":{"annotationValue":"","termSource":"","termAccession":""},"objectType":{"annotationValue":"String","termSource":"NCIT","termAccession":"NCIT:C45253"},"description":"Organism","generatedBy":"MSFragger"},{"data":{"name":"combined_protein.tsv.csv#col=6","format":"text/csv","selectorFormat":"https://datatracker.ietf.org/doc/html/rfc7111"},"explication":{"annotationValue":"Evidence","termSource":"NCIT","termAccession":"NCIT:C43583"},"unit":{"annotationValue":"","termSource":"","termAccession":""},"objectType":{"annotationValue":"String","termSource":"NCIT","termAccession":"NCIT:C45253"},"description":"Protein Existence","generatedBy":"MSFragger"},{"data":{"name":"combined_protein.tsv.csv#col=7","format":"text/csv","selectorFormat":"https://datatracker.ietf.org/doc/html/rfc7111"},"explication":{"annotationValue":"Description","termSource":"NCIT","termAccession":"NCIT:C25365"},"unit":{"annotationValue":"","termSource":"","termAccession":""},"objectType":{"annotationValue":"String","termSource":"NCIT","termAccession":"NCIT:C45253"},"description":"Description of the gene product","generatedBy":"MSFragger"},{"data":{"name":"combined_protein.tsv.csv#col=8","format":"text/csv","selectorFormat":"https://datatracker.ietf.org/doc/html/rfc7111"},"explication":{"annotationValue":"Probability","termSource":"NCIT","termAccession":"NCIT:C54154"},"unit":{"annotationValue":"","termSource":"","termAccession":""},"objectType":{"annotationValue":"Float","termSource":"NCIT","termAccession":"NCIT:C48150"},"description":"Protein Probability","generatedBy":"MSFragger"},{"data":{"name":"combined_protein.tsv.csv#col=9","format":"text/csv","selectorFormat":"https://datatracker.ietf.org/doc/html/rfc7111"},"explication":{"annotationValue":"Probability","termSource":"NCIT","termAccession":"NCIT:C54154"},"unit":{"annotationValue":"","termSource":"","termAccession":""},"objectType":{"annotationValue":"Float","termSource":"NCIT","termAccession":"NCIT:C48150"},"description":"Top Peptide Probability","generatedBy":"MSFragger"},{"data":{"name":"combined_protein.tsv.csv#col=10","format":"text/csv","selectorFormat":"https://datatracker.ietf.org/doc/html/rfc7111"},"explication":{"annotationValue":"Count","termSource":"NCIT","termAccession":"NCIT:C25463"},"unit":{"annotationValue":"","termSource":"","termAccession":""},"objectType":{"annotationValue":"Integer","termSource":"NCIT","termAccession":"NCIT:C45255"},"description":"Combined Total Peptides","generatedBy":"MSFragger"},{"data":{"name":"combined_protein.tsv.csv#col=11","format":"text/csv","selectorFormat":"https://datatracker.ietf.org/doc/html/rfc7111"},"explication":{"annotationValue":"Spectral Counting","termSource":"NCIT","termAccession":"NCIT:C161818"},"unit":{"annotationValue":"","termSource":"","termAccession":""},"objectType":{"annotationValue":"Integer","termSource":"NCIT","termAccession":"NCIT:C45255"},"description":"Combined Spectral Count","generatedBy":"MSFragger"},{"data":{"name":"combined_protein.tsv.csv#col=12","format":"text/csv","selectorFormat":"https://datatracker.ietf.org/doc/html/rfc7111"},"explication":{"annotationValue":"Spectral Counting","termSource":"NCIT","termAccession":"NCIT:C161818"},"unit":{"annotationValue":"","termSource":"","termAccession":""},"objectType":{"annotationValue":"Integer","termSource":"NCIT","termAccession":"NCIT:C45255"},"description":"Combined Total Spectral Count","generatedBy":"MSFragger"},{"data":{"name":"combined_protein.tsv.csv#col=13","format":"text/csv","selectorFormat":"https://datatracker.ietf.org/doc/html/rfc7111"},"explication":{"annotationValue":"label-free protein level quantitation","termSource":"MS","termAccession":"MS:1002021"},"unit":{"annotationValue":"","termSource":"","termAccession":""},"objectType":{"annotationValue":"Float","termSource":"NCIT","termAccession":"NCIT:C48150"},"description":"Protein intensity by peptide XIC summation","generatedBy":"MSFragger"},{"data":{"name":"combined_protein.tsv.csv#col=14","format":"text/csv","selectorFormat":"https://datatracker.ietf.org/doc/html/rfc7111"},"explication":{"annotationValue":"label-free protein level quantitation","termSource":"MS","termAccession":"MS:1002021"},"unit":{"annotationValue":"","termSource":"","termAccession":""},"objectType":{"annotationValue":"Float","termSource":"NCIT","termAccession":"NCIT:C48150"},"description":"Protein intensity by peptide XIC summation","generatedBy":"MSFragger"},{"data":{"name":"combined_protein.tsv.csv#col=15","format":"text/csv","selectorFormat":"https://datatracker.ietf.org/doc/html/rfc7111"},"explication":{"annotationValue":"label-free protein level quantitation","termSource":"MS","termAccession":"MS:1002021"},"unit":{"annotationValue":"","termSource":"","termAccession":""},"objectType":{"annotationValue":"Float","termSource":"NCIT","termAccession":"NCIT:C48150"},"description":"Protein intensity by peptide XIC summation","generatedBy":"MSFragger"},{"data":{"name":"combined_protein.tsv.csv#col=16","format":"text/csv","selectorFormat":"https://datatracker.ietf.org/doc/html/rfc7111"},"explication":{"annotationValue":"label-free protein level quantitation","termSource":"MS","termAccession":"MS:1002021"},"unit":{"annotationValue":"","termSource":"","termAccession":""},"objectType":{"annotationValue":"Float","termSource":"NCIT","termAccession":"NCIT:C48150"},"description":"Protein intensity by peptide XIC summation","generatedBy":"MSFragger"},{"data":{"name":"combined_protein.tsv.csv#col=17","format":"text/csv","selectorFormat":"https://datatracker.ietf.org/doc/html/rfc7111"},"explication":{"annotationValue":"label-free protein level quantitation","termSource":"MS","termAccession":"MS:1002021"},"unit":{"annotationValue":"","termSource":"","termAccession":""},"objectType":{"annotationValue":"Float","termSource":"NCIT","termAccession":"NCIT:C48150"},"description":"Protein intensity by peptide XIC summation","generatedBy":"MSFragger"},{"data":{"name":"combined_protein.tsv.csv#col=18","format":"text/csv","selectorFormat":"https://datatracker.ietf.org/doc/html/rfc7111"},"explication":{"annotationValue":"label-free protein level quantitation","termSource":"MS","termAccession":"MS:1002021"},"unit":{"annotationValue":"","termSource":"","termAccession":""},"objectType":{"annotationValue":"Float","termSource":"NCIT","termAccession":"NCIT:C48150"},"description":"Protein intensity by peptide XIC summation","generatedBy":"MSFragger"}]},"Tables":[{"name":"PSM_Bruker_MaSuc","header":[{"headertype":"Input","values":["Data"]},{"headertype":"Component","values":[{"annotationValue":"analysis software","termSource":"MS","termAccession":"MS:1001456"}]},{"headertype":"Component","values":[{"annotationValue":"analysis software","termSource":"MS","termAccession":"MS:1001456"}]},{"headertype":"Component","values":[{"annotationValue":"analysis software","termSource":"MS","termAccession":"MS:1001456"}]},{"headertype":"Component","values":[{"annotationValue":"analysis software","termSource":"MS","termAccession":"MS:1001456"}]},{"headertype":"Parameter","values":[{"annotationValue":"Variable modification","termSource":"MS","termAccession":"MS:1003022"}]},{"headertype":"Parameter","values":[{"annotationValue":"Variable modification","termSource":"MS","termAccession":"MS:1003022"}]},{"headertype":"Parameter","values":[{"annotationValue":"Fixed modification","termSource":"MS","termAccession":"MS:1003021"}]},{"headertype":"Parameter","values":[{"annotationValue":"number of missed cleavages","termSource":"MS","termAccession":"MS:1003044"}]},{"headertype":"Parameter","values":[{"annotationValue":"DB source UniProt","termSource":"MS","termAccession":"MS:1001254"}]},{"headertype":"Output","values":["Data"]}],"values":[[[0,0],{"celltype":"FreeText","values":[""]}],[[1,0],{"celltype":"Term","values":[{"annotationValue":"MSFragger","termSource":"MS","termAccession":"https://www.ebi.ac.uk/ols4/ontologies/ms/classes/http%253A%252F%252Fpurl.obolibrary.org%252Fobo%252FMS_1003014"}]}],[[2,0],{"celltype":"Term","values":[{"annotationValue":"Philosopher","termSource":"MS","termAccession":"https://www.ebi.ac.uk/ols4/ontologies/ms/classes/http%253A%252F%252Fpurl.obolibrary.org%252Fobo%252FMS_1003018"}]}],[[3,0],{"celltype":"Term","values":[{"annotationValue":"Percolator","termSource":"MS","termAccession":"https://www.ebi.ac.uk/ols4/ontologies/ms/classes/http%253A%252F%252Fpurl.obolibrary.org%252Fobo%252FMS_1001490"}]}],[[4,0],{"celltype":"Term","values":[{"annotationValue":"ProteinProphet","termSource":"MS","termAccession":"https://www.ebi.ac.uk/ols4/ontologies/ms/classes/http%253A%252F%252Fpurl.obolibrary.org%252Fobo%252FMS_1002289"}]}],[[5,0],{"celltype":"Term","values":[{"annotationValue":"M ox, UNIMOD(35)","termSource":"","termAccession":""}]}],[[6,0],{"celltype":"Term","values":[{"annotationValue":"N-term acetyl, UNIMOD(1)","termSource":"user-specific","termAccession":""}]}],[[7,0],{"celltype":"Term","values":[{"annotationValue":"C cam, UNIMOD(4)","termSource":"user-specific","termAccession":""}]}],[[8,0],{"celltype":"Term","values":[{"annotationValue":"3","termSource":"user-specific","termAccession":""}]}],[[9,0],{"celltype":"Term","values":[{"annotationValue":"./assays/Proteomics_DataAnalysis/dataset/dummy.fasta","termSource":"","termAccession":""}]}],[[10,0],{"celltype":"Data","values":[{"name":""}]}]]}]}